0,2,1,1,15.0,2023-07-01,75.0
1,2,4,1,15.0,2023-07-01,75.0
2,1,3,2,33.0,2023-07-01,165.0
3,2,3,2,35.0,2023-07-01,175.0
4,2,3,1,36.0,2023-07-01,180.0
5,2,4,1,27.0,2023-07-01,135.0
6,1,3,1,44.0,2023-07-01,220.0
7,1,2,1,45.0,2023-07-01,225.0
8,1,4,2,56.0,2023-07-01,280.0
9,1,4,1,39.0,2023-07-01,195.0
10,1,1,2,53.0,2023-07-01,265.0
11,2,1,2,57.0,2023-07-01,285.0
12,2,1,2,31.0,2023-07-01,155.0
13,2,2,1,42.0,2023-07-01,210.0
14,2,5,1,52.0,2023-07-01,260.0
15,1,5,2,23.0,2023-07-01,115.0
16,1,3,1,17.0,2023-07-01,85.0
17,1,4,2,58.0,2023-07-01,290.0
18,1,3,1,23.0,2023-07-01,115.0
19,1,1,1,22.0,2023-07-01,110.0
20,2,4,1,40.0,2023-07-01,200.0
21,1,1,2,58.0,2023-07-01,290.0
22,1,4,1,29.0,2023-07-01,145.0
23,2,1,1,22.0,2023-07-01,110.0
24,2,5,1,52.0,2023-07-01,260.0
25,2,5,1,51.0,2023-07-01,255.0
26,1,4,1,56.0,2023-07-01,280.0
27,2,1,1,21.0,2023-07-01,105.0
28,1,2,2,35.0,2023-07-01,175.0
29,2,4,1,53.0,2023-07-01,265.0
30,2,4,2,48.0,2023-07-01,240.0
31,1,1,2,26.0,2023-07-01,130.0
32,1,4,1,21.0,2023-07-01,105.0
33,2,5,2,13.0,2023-07-01,65.0
34,1,1,2,23.0,2023-07-01,115.0
35,1,2,2,42.0,2023-07-01,210.0
36,2,5,1,28.0,2023-07-01,140.0
37,2,4,2,42.0,2023-07-01,210.0
38,2,3,1,10.0,2023-07-01,50.0
39,2,3,2,50.0,2023-07-01,250.0
41,1,5,2,50.0,2023-07-02,250.0
42,2,2,1,43.0,2023-07-02,215.0
43,2,4,1,15.0,2023-07-02,75.0
44,1,5,1,26.0,2023-07-02,130.0
45,1,4,1,42.0,2023-07-02,210.0
46,2,4,1,19.0,2023-07-02,95.0
47,2,3,2,20.0,2023-07-02,100.0
48,1,2,2,13.0,2023-07-02,65.0
49,1,2,2,40.0,2023-07-02,200.0
50,1,3,2,21.0,2023-07-02,105.0
51,1,4,2,35.0,2023-07-02,175.0
52,1,3,2,45.0,2023-07-02,225.0
53,1,1,2,22.0,2023-07-02,110.0
54,2,4,2,43.0,2023-07-02,215.0
55,2,4,2,23.0,2023-07-02,115.0
56,2,4,1,23.0,2023-07-02,115.0
57,1,3,1,46.0,2023-07-02,230.0
58,1,4,2,49.0,2023-07-02,245.0
59,2,2,1,22.0,2023-07-02,110.0
60,2,5,2,60.0,2023-07-02,300.0
61,1,4,1,34.0,2023-07-02,170.0
62,2,1,2,21.0,2023-07-02,105.0
63,1,2,1,47.0,2023-07-02,235.0
64,2,5,2,18.0,2023-07-02,90.0
65,1,4,1,46.0,2023-07-02,230.0
66,2,1,2,52.0,2023-07-02,260.0
67,2,5,1,51.0,2023-07-02,255.0
68,2,5,1,25.0,2023-07-02,125.0
69,2,1,1,32.0,2023-07-02,160.0
70,1,5,2,48.0,2023-07-02,240.0
71,1,4,1,26.0,2023-07-02,130.0
72,2,4,1,48.0,2023-07-02,240.0
73,1,4,2,19.0,2023-07-02,95.0
74,1,4,2,22.0,2023-07-02,110.0
75,2,2,2,59.0,2023-07-02,295.0
76,1,2,2,55.0,2023-07-02,275.0
77,1,1,1,24.0,2023-07-02,120.0
78,1,4,1,31.0,2023-07-02,155.0
79,2,1,1,32.0,2023-07-02,160.0
80,2,2,2,41.0,2023-07-02,205.0
81,1,1,1,30.0,2023-07-03,150.0
82,2,1,2,47.0,2023-07-03,235.0
83,2,1,2,27.0,2023-07-03,135.0
84,1,5,1,20.0,2023-07-03,100.0
85,2,1,2,48.0,2023-07-03,240.0
86,2,1,2,15.0,2023-07-03,75.0
87,2,2,1,24.0,2023-07-03,120.0
88,1,3,1,37.0,2023-07-03,185.0
89,1,1,1,22.0,2023-07-03,110.0
90,2,2,2,17.0,2023-07-03,85.0
91,1,3,1,25.0,2023-07-03,125.0
92,2,4,1,14.0,2023-07-03,70.0
93,2,3,1,50.0,2023-07-03,250.0
94,1,1,2,57.0,2023-07-03,285.0
95,2,4,1,33.0,2023-07-03,165.0
96,2,2,1,30.0,2023-07-03,150.0
97,1,4,1,10.0,2023-07-03,50.0
98,1,3,1,36.0,2023-07-03,180.0
99,2,4,2,59.0,2023-07-03,295.0
100,2,3,2,53.0,2023-07-03,265.0
101,1,1,2,26.0,2023-07-03,130.0
102,1,1,2,13.0,2023-07-03,65.0
103,1,5,1,15.0,2023-07-03,75.0
104,2,3,2,39.0,2023-07-03,195.0
105,1,3,1,52.0,2023-07-03,260.0
106,1,1,2,49.0,2023-07-03,245.0
107,2,5,2,41.0,2023-07-03,205.0
108,1,4,1,26.0,2023-07-03,130.0
109,1,5,1,26.0,2023-07-03,130.0
110,1,5,2,30.0,2023-07-03,150.0
111,2,5,1,15.0,2023-07-03,75.0
112,1,3,1,10.0,2023-07-03,50.0
113,1,3,2,30.0,2023-07-03,150.0
114,1,1,1,18.0,2023-07-03,90.0
115,1,1,1,18.0,2023-07-03,90.0
116,2,2,2,41.0,2023-07-03,205.0
117,1,5,2,52.0,2023-07-03,260.0
118,2,1,1,39.0,2023-07-03,195.0
119,2,2,2,30.0,2023-07-03,150.0
120,2,2,2,22.0,2023-07-03,110.0
121,2,2,1,25.0,2023-07-10,125.0
122,1,3,1,20.0,2023-07-10,100.0
123,1,3,1,44.0,2023-07-10,220.0
124,1,1,1,50.0,2023-07-10,250.0
125,1,3,1,57.0,2023-07-10,285.0
126,2,3,2,23.0,2023-07-10,115.0
127,2,5,2,39.0,2023-07-10,195.0
128,2,3,1,15.0,2023-07-10,75.0
129,2,4,2,55.0,2023-07-10,275.0
130,2,2,1,45.0,2023-07-10,225.0
131,2,3,2,60.0,2023-07-10,300.0
132,2,5,1,49.0,2023-07-10,245.0
133,1,1,1,24.0,2023-07-10,120.0
134,1,5,1,51.0,2023-07-10,255.0
135,2,3,2,14.0,2023-07-10,70.0
136,1,4,2,10.0,2023-07-10,50.0
137,1,4,1,31.0,2023-07-10,155.0
138,1,5,1,55.0,2023-07-10,275.0
139,2,2,2,15.0,2023-07-10,75.0
140,1,1,2,35.0,2023-07-10,175.0
141,2,4,2,58.0,2023-07-10,290.0
142,1,1,1,13.0,2023-07-10,65.0
143,1,4,1,26.0,2023-07-10,130.0
144,1,3,2,11.0,2023-07-10,55.0
145,1,1,1,16.0,2023-07-10,80.0
146,2,3,2,38.0,2023-07-10,190.0
147,1,1,1,50.0,2023-07-10,250.0
148,2,4,2,25.0,2023-07-10,125.0
149,1,5,2,55.0,2023-07-10,275.0
150,2,1,2,20.0,2023-07-10,100.0
151,1,3,2,54.0,2023-07-10,270.0
152,1,1,2,43.0,2023-07-10,215.0
153,1,1,1,27.0,2023-07-10,135.0
154,2,3,2,31.0,2023-07-10,155.0
155,2,3,2,41.0,2023-07-10,205.0
156,2,2,2,38.0,2023-07-10,190.0
157,1,3,1,35.0,2023-07-10,175.0
158,1,3,2,31.0,2023-07-10,155.0
159,1,5,1,56.0,2023-07-10,280.0
160,2,1,1,35.0,2023-07-10,175.0
161,1,2,1,44.0,2023-07-14,220.0
162,1,4,1,46.0,2023-07-14,230.0
163,2,1,2,33.0,2023-07-14,165.0
164,2,1,2,26.0,2023-07-14,130.0
165,1,3,1,35.0,2023-07-14,175.0
166,1,3,1,14.0,2023-07-14,70.0
167,1,4,1,21.0,2023-07-14,105.0
168,2,1,2,25.0,2023-07-14,125.0
169,2,4,2,46.0,2023-07-14,230.0
170,1,3,2,54.0,2023-07-14,270.0
171,2,3,1,20.0,2023-07-14,100.0
172,2,2,1,43.0,2023-07-14,215.0
173,2,1,1,55.0,2023-07-14,275.0
174,1,3,1,26.0,2023-07-14,130.0
175,1,1,1,56.0,2023-07-14,280.0
176,2,5,1,35.0,2023-07-14,175.0
177,1,3,1,24.0,2023-07-14,120.0
178,1,5,1,32.0,2023-07-14,160.0
179,2,5,1,11.0,2023-07-14,55.0
180,2,3,2,56.0,2023-07-14,280.0
181,2,4,1,56.0,2023-07-14,280.0
182,2,4,1,15.0,2023-07-14,75.0
183,2,1,2,54.0,2023-07-14,270.0
184,1,3,1,25.0,2023-07-14,125.0
185,1,4,2,56.0,2023-07-14,280.0
186,2,2,1,28.0,2023-07-14,140.0
187,1,3,1,42.0,2023-07-14,210.0
188,1,1,2,11.0,2023-07-14,55.0
189,2,1,1,16.0,2023-07-14,80.0
190,1,1,2,42.0,2023-07-14,210.0
191,1,3,2,12.0,2023-07-14,60.0
192,2,1,2,44.0,2023-07-14,220.0
193,2,5,2,43.0,2023-07-14,215.0
194,2,3,1,58.0,2023-07-14,290.0
195,2,2,1,34.0,2023-07-14,170.0
196,1,4,1,27.0,2023-07-14,135.0
197,2,4,2,44.0,2023-07-14,220.0
198,1,2,1,25.0,2023-07-14,125.0
199,2,5,2,25.0,2023-07-14,125.0
200,1,3,1,15.0,2023-07-14,75.0
201,1,4,2,18.0,2023-07-17,90.0
202,1,2,1,38.0,2023-07-17,190.0
203,2,1,2,52.0,2023-07-17,260.0
204,2,4,2,45.0,2023-07-17,225.0
205,1,2,2,49.0,2023-07-17,245.0
206,2,5,1,49.0,2023-07-17,245.0
207,2,5,1,12.0,2023-07-17,60.0
208,1,1,2,23.0,2023-07-17,115.0
209,1,3,1,36.0,2023-07-17,180.0
210,1,1,1,32.0,2023-07-17,160.0
211,2,5,2,19.0,2023-07-17,95.0
212,1,2,1,30.0,2023-07-17,150.0
213,2,4,1,30.0,2023-07-17,150.0
214,1,1,1,31.0,2023-07-17,155.0
215,1,1,1,43.0,2023-07-17,215.0
216,1,3,1,40.0,2023-07-17,200.0
217,2,5,1,24.0,2023-07-17,120.0
218,2,4,2,43.0,2023-07-17,215.0
219,2,3,1,44.0,2023-07-17,220.0
220,2,5,2,30.0,2023-07-17,150.0
221,2,1,1,40.0,2023-07-17,200.0
222,2,2,2,48.0,2023-07-17,240.0
223,2,3,1,16.0,2023-07-17,80.0
224,1,5,2,48.0,2023-07-17,240.0
225,1,4,1,54.0,2023-07-17,270.0
226,2,4,1,23.0,2023-07-17,115.0
227,2,3,1,37.0,2023-07-17,185.0
228,1,4,2,39.0,2023-07-17,195.0
229,2,2,2,58.0,2023-07-17,290.0
230,1,2,2,56.0,2023-07-17,280.0
231,2,5,2,12.0,2023-07-17,60.0
232,2,2,2,52.0,2023-07-17,260.0
233,1,2,1,41.0,2023-07-17,205.0
234,1,1,2,29.0,2023-07-17,145.0
235,2,5,1,42.0,2023-07-17,210.0
236,1,5,1,37.0,2023-07-17,185.0
237,1,4,2,57.0,2023-07-17,285.0
238,2,1,2,48.0,2023-07-17,240.0
239,1,4,2,11.0,2023-07-17,55.0
240,2,2,2,35.0,2023-07-17,175.0
241,1,1,2,22.0,2023-07-20,110.0
242,2,5,2,12.0,2023-07-20,60.0
243,2,5,2,25.0,2023-07-20,125.0
244,1,4,2,16.0,2023-07-20,80.0
245,2,5,1,27.0,2023-07-20,135.0
246,2,1,1,10.0,2023-07-20,50.0
247,1,4,1,33.0,2023-07-20,165.0
248,2,1,1,41.0,2023-07-20,205.0
249,2,2,2,38.0,2023-07-20,190.0
250,1,4,2,58.0,2023-07-20,290.0
251,1,4,1,18.0,2023-07-20,90.0
252,1,3,1,17.0,2023-07-20,85.0
253,1,1,2,11.0,2023-07-20,55.0
254,2,1,2,38.0,2023-07-20,190.0
255,2,3,2,58.0,2023-07-20,290.0
256,2,1,2,55.0,2023-07-20,275.0
257,1,3,1,31.0,2023-07-20,155.0
258,2,2,1,50.0,2023-07-20,250.0
259,1,2,2,18.0,2023-07-20,90.0
260,2,2,2,56.0,2023-07-20,280.0
261,1,2,2,38.0,2023-07-20,190.0
262,1,4,1,54.0,2023-07-20,270.0
263,2,2,1,40.0,2023-07-20,200.0
264,2,5,1,25.0,2023-07-20,125.0
265,1,4,2,53.0,2023-07-20,265.0
266,2,3,1,41.0,2023-07-20,205.0
267,2,2,1,35.0,2023-07-20,175.0
268,2,2,2,51.0,2023-07-20,255.0
269,2,3,2,52.0,2023-07-20,260.0
270,2,2,2,44.0,2023-07-20,220.0
271,1,3,2,35.0,2023-07-20,175.0
272,2,4,2,26.0,2023-07-20,130.0
273,1,2,1,48.0,2023-07-20,240.0
274,1,3,1,40.0,2023-07-20,200.0
275,2,1,1,31.0,2023-07-20,155.0
276,1,4,2,40.0,2023-07-20,200.0
277,1,4,1,45.0,2023-07-20,225.0
278,1,1,2,27.0,2023-07-20,135.0
279,1,3,1,15.0,2023-07-20,75.0
280,2,4,2,46.0,2023-07-20,230.0
281,2,5,2,56.0,2023-07-26,280.0
282,2,4,1,43.0,2023-07-26,215.0
283,1,5,1,15.0,2023-07-26,75.0
284,2,2,2,21.0,2023-07-26,105.0
285,2,3,2,29.0,2023-07-26,145.0
286,1,1,2,19.0,2023-07-26,95.0
287,1,3,2,51.0,2023-07-26,255.0
288,2,4,1,32.0,2023-07-26,160.0
289,1,1,1,45.0,2023-07-26,225.0
290,1,5,2,36.0,2023-07-26,180.0
291,1,1,1,29.0,2023-07-26,145.0
292,1,2,2,27.0,2023-07-26,135.0
293,1,1,1,41.0,2023-07-26,205.0
294,2,5,2,21.0,2023-07-26,105.0
295,1,2,2,20.0,2023-07-26,100.0
296,1,4,1,12.0,2023-07-26,60.0
297,1,5,2,43.0,2023-07-26,215.0
298,2,4,2,37.0,2023-07-26,185.0
299,2,3,1,51.0,2023-07-26,255.0
300,1,1,1,20.0,2023-07-26,100.0
301,1,1,1,45.0,2023-07-26,225.0
302,1,2,1,31.0,2023-07-26,155.0
303,2,4,1,26.0,2023-07-26,130.0
304,1,1,1,46.0,2023-07-26,230.0
305,1,5,1,13.0,2023-07-26,65.0
306,1,2,2,54.0,2023-07-26,270.0
307,2,5,2,11.0,2023-07-26,55.0
308,2,1,1,23.0,2023-07-26,115.0
309,2,5,2,13.0,2023-07-26,65.0
310,1,2,2,24.0,2023-07-26,120.0
311,2,3,2,59.0,2023-07-26,295.0
312,2,1,2,13.0,2023-07-26,65.0
313,1,4,1,29.0,2023-07-26,145.0
314,1,4,2,37.0,2023-07-26,185.0
315,2,1,2,26.0,2023-07-26,130.0
316,1,2,2,25.0,2023-07-26,125.0
317,1,4,1,35.0,2023-07-26,175.0
318,1,5,1,42.0,2023-07-26,210.0
319,1,1,1,32.0,2023-07-26,160.0
320,2,3,2,54.0,2023-07-26,270.0
321,1,5,2,29.0,2023-07-30,145.0
322,1,2,1,27.0,2023-07-30,135.0
323,2,1,1,29.0,2023-07-30,145.0
324,2,3,1,48.0,2023-07-30,240.0
325,1,4,2,26.0,2023-07-30,130.0
326,2,3,1,25.0,2023-07-30,125.0
327,1,5,1,27.0,2023-07-30,135.0
328,2,1,2,26.0,2023-07-30,130.0
329,2,2,1,21.0,2023-07-30,105.0
330,1,5,1,51.0,2023-07-30,255.0
331,1,4,1,36.0,2023-07-30,180.0
332,1,4,1,42.0,2023-07-30,210.0
333,2,2,1,15.0,2023-07-30,75.0
334,1,1,2,37.0,2023-07-30,185.0
335,2,4,1,56.0,2023-07-30,280.0
336,2,1,2,40.0,2023-07-30,200.0
337,1,2,2,32.0,2023-07-30,160.0
338,2,5,1,57.0,2023-07-30,285.0
339,1,5,2,23.0,2023-07-30,115.0
340,2,4,2,51.0,2023-07-30,255.0
341,1,4,2,55.0,2023-07-30,275.0
342,1,2,1,10.0,2023-07-30,50.0
343,2,2,1,13.0,2023-07-30,65.0
344,2,3,1,34.0,2023-07-30,170.0
345,2,1,1,59.0,2023-07-30,295.0
346,2,3,1,50.0,2023-07-30,250.0
347,1,3,2,36.0,2023-07-30,180.0
348,2,1,1,50.0,2023-07-30,250.0
349,2,4,2,57.0,2023-07-30,285.0
350,2,2,1,52.0,2023-07-30,260.0
351,2,5,2,20.0,2023-07-30,100.0
352,1,1,2,43.0,2023-07-30,215.0
353,1,3,1,15.0,2023-07-30,75.0
354,1,5,2,11.0,2023-07-30,55.0
355,2,5,1,58.0,2023-07-30,290.0
356,2,2,2,20.0,2023-07-30,100.0
357,1,3,2,12.0,2023-07-30,60.0
358,1,2,1,30.0,2023-07-30,150.0
359,2,1,1,15.0,2023-07-30,75.0
360,2,5,1,10.0,2023-07-30,50.0
361,2,1,1,27.0,2023-08-03,135.0
362,2,4,1,33.0,2023-08-03,165.0
363,2,4,2,46.0,2023-08-03,230.0
364,2,1,2,39.0,2023-08-03,195.0
365,2,2,1,11.0,2023-08-03,55.0
366,2,5,2,35.0,2023-08-03,175.0
367,1,2,2,48.0,2023-08-03,240.0
368,2,5,1,16.0,2023-08-03,80.0
369,2,4,2,29.0,2023-08-03,145.0
370,1,2,2,52.0,2023-08-03,260.0
371,2,4,2,10.0,2023-08-03,50.0
372,2,1,2,37.0,2023-08-03,185.0
373,2,3,1,30.0,2023-08-03,150.0
374,1,4,2,47.0,2023-08-03,235.0
375,1,3,2,21.0,2023-08-03,105.0
376,2,4,2,48.0,2023-08-03,240.0
377,1,4,2,50.0,2023-08-03,250.0
378,2,5,1,19.0,2023-08-03,95.0
379,1,1,1,60.0,2023-08-03,300.0
380,1,2,2,47.0,2023-08-03,235.0
381,1,2,1,15.0,2023-08-03,75.0
382,2,1,1,45.0,2023-08-03,225.0
383,1,4,2,31.0,2023-08-03,155.0
384,2,3,1,42.0,2023-08-03,210.0
385,2,5,1,49.0,2023-08-03,245.0
386,1,5,2,12.0,2023-08-03,60.0
387,1,1,2,42.0,2023-08-03,210.0
388,2,3,2,17.0,2023-08-03,85.0
389,1,4,2,58.0,2023-08-03,290.0
390,1,2,2,22.0,2023-08-03,110.0
391,2,1,2,44.0,2023-08-03,220.0
392,2,1,2,52.0,2023-08-03,260.0
393,2,1,1,13.0,2023-08-03,65.0
394,2,4,1,16.0,2023-08-03,80.0
395,2,2,2,33.0,2023-08-03,165.0
396,2,3,1,28.0,2023-08-03,140.0
397,1,3,1,23.0,2023-08-03,115.0
398,1,2,2,34.0,2023-08-03,170.0
399,2,1,2,19.0,2023-08-03,95.0
400,2,5,1,14.0,2023-08-03,70.0
401,2,5,2,52.0,2023-08-10,260.0
402,2,2,1,11.0,2023-08-10,55.0
403,2,2,1,20.0,2023-08-10,100.0
404,1,2,1,28.0,2023-08-10,140.0
405,2,2,2,51.0,2023-08-10,255.0
406,1,1,1,47.0,2023-08-10,235.0
407,1,4,1,53.0,2023-08-10,265.0
408,2,4,1,44.0,2023-08-10,220.0
409,1,2,2,21.0,2023-08-10,105.0
410,2,3,2,27.0,2023-08-10,135.0
411,1,2,1,56.0,2023-08-10,280.0
412,2,2,2,31.0,2023-08-10,155.0
413,2,3,2,13.0,2023-08-10,65.0
414,2,4,1,44.0,2023-08-10,220.0
415,1,4,2,11.0,2023-08-10,55.0
416,2,3,2,27.0,2023-08-10,135.0
417,1,4,1,55.0,2023-08-10,275.0
418,2,5,2,55.0,2023-08-10,275.0
419,1,4,2,33.0,2023-08-10,165.0
420,2,4,1,44.0,2023-08-10,220.0
421,1,5,2,32.0,2023-08-10,160.0
422,2,3,2,12.0,2023-08-10,60.0
423,1,4,2,43.0,2023-08-10,215.0
424,2,1,1,13.0,2023-08-10,65.0
425,2,4,2,17.0,2023-08-10,85.0
426,2,2,2,32.0,2023-08-10,160.0
427,2,1,1,58.0,2023-08-10,290.0
428,1,5,2,32.0,2023-08-10,160.0
429,1,1,2,11.0,2023-08-10,55.0
430,2,2,2,47.0,2023-08-10,235.0
431,1,2,2,58.0,2023-08-10,290.0
432,1,3,2,10.0,2023-08-10,50.0
433,2,2,2,47.0,2023-08-10,235.0
434,2,3,2,16.0,2023-08-10,80.0
435,2,3,1,20.0,2023-08-10,100.0
436,1,2,1,35.0,2023-08-10,175.0
437,2,3,1,10.0,2023-08-10,50.0
438,2,3,2,46.0,2023-08-10,230.0
439,1,4,1,54.0,2023-08-10,270.0
440,2,4,2,33.0,2023-08-10,165.0
441,1,3,1,52.0,2023-08-14,260.0
442,2,2,1,53.0,2023-08-14,265.0
443,1,2,2,31.0,2023-08-14,155.0
444,2,2,1,27.0,2023-08-14,135.0
445,2,1,2,55.0,2023-08-14,275.0
446,2,1,2,49.0,2023-08-14,245.0
447,2,3,2,18.0,2023-08-14,90.0
448,2,1,1,13.0,2023-08-14,65.0
449,2,4,2,20.0,2023-08-14,100.0
450,1,2,1,37.0,2023-08-14,185.0
451,1,3,1,54.0,2023-08-14,270.0
452,1,4,1,23.0,2023-08-14,115.0
453,2,2,2,40.0,2023-08-14,200.0
454,2,1,2,11.0,2023-08-14,55.0
455,1,5,2,41.0,2023-08-14,205.0
456,1,3,1,28.0,2023-08-14,140.0
457,2,5,1,59.0,2023-08-14,295.0
458,2,2,2,17.0,2023-08-14,85.0
459,2,2,1,52.0,2023-08-14,260.0
460,1,5,2,57.0,2023-08-14,285.0
461,1,2,1,24.0,2023-08-14,120.0
462,1,3,1,28.0,2023-08-14,140.0
463,2,5,1,60.0,2023-08-14,300.0
464,2,1,2,23.0,2023-08-14,115.0
465,2,2,1,50.0,2023-08-14,250.0
466,2,1,1,24.0,2023-08-14,120.0
467,1,4,2,58.0,2023-08-14,290.0
468,1,4,2,36.0,2023-08-14,180.0
469,1,4,2,21.0,2023-08-14,105.0
470,2,5,2,31.0,2023-08-14,155.0
471,1,3,2,37.0,2023-08-14,185.0
472,1,3,2,48.0,2023-08-14,240.0
473,2,1,2,28.0,2023-08-14,140.0
474,1,5,1,40.0,2023-08-14,200.0
475,2,5,2,15.0,2023-08-14,75.0
476,1,5,1,25.0,2023-08-14,125.0
477,2,2,1,53.0,2023-08-14,265.0
478,2,3,1,24.0,2023-08-14,120.0
479,1,5,1,38.0,2023-08-14,190.0
480,2,3,1,23.0,2023-08-14,115.0
481,1,4,2,58.0,2023-08-17,290.0
482,2,5,1,35.0,2023-08-17,175.0
483,1,1,1,14.0,2023-08-17,70.0
484,1,3,2,49.0,2023-08-17,245.0
485,2,2,1,12.0,2023-08-17,60.0
486,2,3,1,40.0,2023-08-17,200.0
487,1,2,1,40.0,2023-08-17,200.0
488,2,2,2,16.0,2023-08-17,80.0
489,1,5,1,33.0,2023-08-17,165.0
490,2,2,2,28.0,2023-08-17,140.0
491,1,3,2,13.0,2023-08-17,65.0
492,2,4,2,36.0,2023-08-17,180.0
493,2,1,1,10.0,2023-08-17,50.0
494,2,1,2,16.0,2023-08-17,80.0
495,2,2,2,57.0,2023-08-17,285.0
496,2,4,2,13.0,2023-08-17,65.0
497,2,2,2,43.0,2023-08-17,215.0
498,1,2,2,10.0,2023-08-17,50.0
499,1,1,1,38.0,2023-08-17,190.0
500,1,3,1,28.0,2023-08-17,140.0
501,1,4,1,31.0,2023-08-17,155.0
502,1,2,1,35.0,2023-08-17,175.0
503,1,5,1,19.0,2023-08-17,95.0
504,2,2,1,57.0,2023-08-17,285.0
505,2,3,2,33.0,2023-08-17,165.0
506,1,4,1,30.0,2023-08-17,150.0
507,1,4,2,55.0,2023-08-17,275.0
508,2,3,2,20.0,2023-08-17,100.0
509,1,1,1,47.0,2023-08-17,235.0
510,2,5,2,11.0,2023-08-17,55.0
511,1,1,1,31.0,2023-08-17,155.0
512,2,5,2,55.0,2023-08-17,275.0
513,1,4,2,39.0,2023-08-17,195.0
514,2,3,1,15.0,2023-08-17,75.0
515,2,1,1,18.0,2023-08-17,90.0
516,1,1,1,25.0,2023-08-17,125.0
517,2,4,2,58.0,2023-08-17,290.0
518,2,4,2,21.0,2023-08-17,105.0
519,2,2,2,40.0,2023-08-17,200.0
520,2,4,2,10.0,2023-08-17,50.0
521,2,5,1,38.0,2023-08-20,190.0
522,2,5,1,12.0,2023-08-20,60.0
523,1,5,2,42.0,2023-08-20,210.0
524,2,1,2,49.0,2023-08-20,245.0
525,2,2,1,51.0,2023-08-20,255.0
526,1,5,2,47.0,2023-08-20,235.0
527,2,2,2,21.0,2023-08-20,105.0
528,1,3,1,49.0,2023-08-20,245.0
529,1,4,1,47.0,2023-08-20,235.0
530,2,2,2,57.0,2023-08-20,285.0
531,1,4,2,53.0,2023-08-20,265.0
532,2,1,2,17.0,2023-08-20,85.0
533,2,1,2,11.0,2023-08-20,55.0
534,1,1,1,51.0,2023-08-20,255.0
535,1,3,2,18.0,2023-08-20,90.0
536,1,5,1,20.0,2023-08-20,100.0
537,2,1,2,22.0,2023-08-20,110.0
538,2,5,1,13.0,2023-08-20,65.0
539,2,2,1,38.0,2023-08-20,190.0
540,2,1,2,40.0,2023-08-20,200.0
541,2,2,2,40.0,2023-08-20,200.0
542,1,5,1,19.0,2023-08-20,95.0
543,2,1,1,12.0,2023-08-20,60.0
544,1,5,2,56.0,2023-08-20,280.0
545,2,2,2,42.0,2023-08-20,210.0
546,2,5,2,48.0,2023-08-20,240.0
547,1,1,1,50.0,2023-08-20,250.0
548,2,5,1,39.0,2023-08-20,195.0
549,2,2,1,53.0,2023-08-20,265.0
550,2,3,1,50.0,2023-08-20,250.0
551,1,2,1,28.0,2023-08-20,140.0
552,1,5,2,43.0,2023-08-20,215.0
553,1,3,1,15.0,2023-08-20,75.0
554,1,1,1,42.0,2023-08-20,210.0
555,1,5,1,56.0,2023-08-20,280.0
556,1,1,1,35.0,2023-08-20,175.0
557,2,4,2,22.0,2023-08-20,110.0
558,2,1,2,28.0,2023-08-20,140.0
559,1,3,1,32.0,2023-08-20,160.0
560,1,2,1,54.0,2023-08-20,270.0
561,1,3,1,59.0,2023-08-26,295.0
562,2,1,2,48.0,2023-08-26,240.0
563,2,5,2,54.0,2023-08-26,270.0
564,1,2,1,48.0,2023-08-26,240.0
565,2,2,2,39.0,2023-08-26,195.0
566,2,1,1,58.0,2023-08-26,290.0
567,1,5,2,56.0,2023-08-26,280.0
568,2,3,2,19.0,2023-08-26,95.0
569,2,2,2,17.0,2023-08-26,85.0
570,2,2,1,55.0,2023-08-26,275.0
571,2,1,1,20.0,2023-08-26,100.0
572,1,2,1,11.0,2023-08-26,55.0
573,1,3,2,35.0,2023-08-26,175.0
574,1,2,2,58.0,2023-08-26,290.0
575,2,5,1,22.0,2023-08-26,110.0
576,2,3,1,50.0,2023-08-26,250.0
577,2,2,1,28.0,2023-08-26,140.0
578,1,5,1,27.0,2023-08-26,135.0
579,1,1,1,56.0,2023-08-26,280.0
580,1,4,2,48.0,2023-08-26,240.0
581,2,5,2,37.0,2023-08-26,185.0
582,2,3,1,46.0,2023-08-26,230.0
583,1,2,2,44.0,2023-08-26,220.0
584,2,2,1,22.0,2023-08-26,110.0
585,2,1,2,47.0,2023-08-26,235.0
586,1,4,1,56.0,2023-08-26,280.0
587,1,4,1,10.0,2023-08-26,50.0
588,1,5,2,46.0,2023-08-26,230.0
589,1,4,2,52.0,2023-08-26,260.0
590,2,4,2,35.0,2023-08-26,175.0
591,1,4,1,23.0,2023-08-26,115.0
592,2,4,1,50.0,2023-08-26,250.0
593,1,4,1,42.0,2023-08-26,210.0
594,1,5,1,56.0,2023-08-26,280.0
595,2,4,1,37.0,2023-08-26,185.0
596,1,2,1,39.0,2023-08-26,195.0
597,1,5,1,10.0,2023-08-26,50.0
598,2,5,2,12.0,2023-08-26,60.0
599,1,2,2,18.0,2023-08-26,90.0
600,2,3,2,59.0,2023-08-26,295.0
601,2,5,1,16.0,2023-08-30,80.0
602,1,4,1,15.0,2023-08-30,75.0
603,2,1,2,56.0,2023-08-30,280.0
604,2,1,1,15.0,2023-08-30,75.0
605,2,1,2,26.0,2023-08-30,130.0
606,2,4,1,40.0,2023-08-30,200.0
607,2,5,2,29.0,2023-08-30,145.0
608,1,4,1,24.0,2023-08-30,120.0
609,2,2,1,37.0,2023-08-30,185.0
610,1,3,1,52.0,2023-08-30,260.0
611,1,5,2,11.0,2023-08-30,55.0
612,2,3,1,24.0,2023-08-30,120.0
613,1,3,1,27.0,2023-08-30,135.0
614,2,4,1,46.0,2023-08-30,230.0
615,2,5,1,35.0,2023-08-30,175.0
616,2,5,1,51.0,2023-08-30,255.0
617,2,4,2,59.0,2023-08-30,295.0
618,1,4,2,54.0,2023-08-30,270.0
619,1,2,2,41.0,2023-08-30,205.0
620,2,1,2,58.0,2023-08-30,290.0
621,1,5,2,43.0,2023-08-30,215.0
622,2,2,1,28.0,2023-08-30,140.0
623,2,4,2,13.0,2023-08-30,65.0
624,1,5,2,13.0,2023-08-30,65.0
625,2,1,1,57.0,2023-08-30,285.0
626,1,1,2,58.0,2023-08-30,290.0
627,2,1,1,53.0,2023-08-30,265.0
628,1,2,1,41.0,2023-08-30,205.0
629,2,3,2,27.0,2023-08-30,135.0
630,1,5,2,52.0,2023-08-30,260.0
631,2,2,2,42.0,2023-08-30,210.0
632,1,1,2,36.0,2023-08-30,180.0
633,1,4,1,24.0,2023-08-30,120.0
634,2,4,2,45.0,2023-08-30,225.0
635,2,5,1,41.0,2023-08-30,205.0
636,1,4,2,26.0,2023-08-30,130.0
637,2,1,1,58.0,2023-08-30,290.0
638,1,4,2,50.0,2023-08-30,250.0
639,2,5,1,42.0,2023-08-30,210.0
640,2,5,1,21.0,2023-08-30,105.0
641,2,5,1,45.0,2023-09-03,225.0
642,2,5,1,34.0,2023-09-03,170.0
643,1,5,1,11.0,2023-09-03,55.0
644,2,3,1,53.0,2023-09-03,265.0
645,2,1,2,26.0,2023-09-03,130.0
646,1,3,2,10.0,2023-09-03,50.0
647,2,5,2,29.0,2023-09-03,145.0
648,1,4,2,48.0,2023-09-03,240.0
649,2,5,2,47.0,2023-09-03,235.0
650,1,3,1,28.0,2023-09-03,140.0
651,2,5,2,40.0,2023-09-03,200.0
652,1,5,2,35.0,2023-09-03,175.0
653,1,4,2,15.0,2023-09-03,75.0
654,2,2,1,44.0,2023-09-03,220.0
655,1,1,1,35.0,2023-09-03,175.0
656,1,1,1,44.0,2023-09-03,220.0
657,2,2,2,13.0,2023-09-03,65.0
658,2,2,1,26.0,2023-09-03,130.0
659,1,1,2,14.0,2023-09-03,70.0
660,2,1,1,52.0,2023-09-03,260.0
661,2,3,2,40.0,2023-09-03,200.0
662,1,5,2,40.0,2023-09-03,200.0
663,1,1,1,42.0,2023-09-03,210.0
664,1,2,2,43.0,2023-09-03,215.0
665,1,1,1,42.0,2023-09-03,210.0
666,1,3,1,48.0,2023-09-03,240.0
667,1,4,2,26.0,2023-09-03,130.0
668,1,1,2,37.0,2023-09-03,185.0
669,1,2,2,25.0,2023-09-03,125.0
670,2,3,2,19.0,2023-09-03,95.0
671,2,4,1,46.0,2023-09-03,230.0
672,2,1,2,47.0,2023-09-03,235.0
673,2,3,2,39.0,2023-09-03,195.0
674,1,2,2,32.0,2023-09-03,160.0
675,2,1,1,33.0,2023-09-03,165.0
676,1,3,1,53.0,2023-09-03,265.0
677,2,3,1,53.0,2023-09-03,265.0
678,1,2,1,60.0,2023-09-03,300.0
679,2,5,1,54.0,2023-09-03,270.0
680,1,4,2,25.0,2023-09-03,125.0
681,1,1,1,29.0,2023-09-10,145.0
682,1,1,2,55.0,2023-09-10,275.0
683,2,1,1,38.0,2023-09-10,190.0
684,2,2,2,25.0,2023-09-10,125.0
685,2,5,2,21.0,2023-09-10,105.0
686,2,4,1,28.0,2023-09-10,140.0
687,1,4,1,59.0,2023-09-10,295.0
688,1,5,2,14.0,2023-09-10,70.0
689,1,3,1,58.0,2023-09-10,290.0
690,2,2,2,18.0,2023-09-10,90.0
691,1,4,1,56.0,2023-09-10,280.0
692,2,4,2,48.0,2023-09-10,240.0
693,1,4,2,45.0,2023-09-10,225.0
694,1,2,2,56.0,2023-09-10,280.0
695,2,1,2,17.0,2023-09-10,85.0
696,1,3,2,54.0,2023-09-10,270.0
697,1,3,1,55.0,2023-09-10,275.0
698,1,3,2,24.0,2023-09-10,120.0
699,1,3,2,57.0,2023-09-10,285.0
700,2,3,1,50.0,2023-09-10,250.0
701,1,3,2,30.0,2023-09-10,150.0
702,1,5,1,22.0,2023-09-10,110.0
703,1,3,2,40.0,2023-09-10,200.0
704,2,5,2,12.0,2023-09-10,60.0
705,2,5,1,14.0,2023-09-10,70.0
706,2,5,2,44.0,2023-09-10,220.0
707,1,1,2,34.0,2023-09-10,170.0
708,2,5,2,19.0,2023-09-10,95.0
709,1,2,1,44.0,2023-09-10,220.0
710,1,3,1,11.0,2023-09-10,55.0
711,2,4,1,56.0,2023-09-10,280.0
712,1,5,1,34.0,2023-09-10,170.0
713,1,1,1,46.0,2023-09-10,230.0
714,2,3,1,31.0,2023-09-10,155.0
715,2,1,2,57.0,2023-09-10,285.0
716,2,4,1,22.0,2023-09-10,110.0
717,1,4,2,50.0,2023-09-10,250.0
718,2,3,2,27.0,2023-09-10,135.0
719,1,2,2,29.0,2023-09-10,145.0
720,2,3,1,33.0,2023-09-10,165.0
721,2,1,2,36.0,2023-09-14,180.0
722,2,4,2,25.0,2023-09-14,125.0
723,1,5,1,17.0,2023-09-14,85.0
724,1,5,1,52.0,2023-09-14,260.0
725,2,5,2,18.0,2023-09-14,90.0
726,2,5,1,52.0,2023-09-14,260.0
727,2,4,1,59.0,2023-09-14,295.0
728,2,2,2,28.0,2023-09-14,140.0
729,1,4,1,55.0,2023-09-14,275.0
730,1,2,2,30.0,2023-09-14,150.0
731,1,3,2,52.0,2023-09-14,260.0
732,2,2,2,58.0,2023-09-14,290.0
733,1,4,2,23.0,2023-09-14,115.0
734,2,2,2,41.0,2023-09-14,205.0
735,2,2,1,16.0,2023-09-14,80.0
736,2,2,1,32.0,2023-09-14,160.0
737,1,4,1,31.0,2023-09-14,155.0
738,2,2,1,15.0,2023-09-14,75.0
739,1,3,1,37.0,2023-09-14,185.0
740,2,2,2,57.0,2023-09-14,285.0
741,2,2,1,14.0,2023-09-14,70.0
742,2,4,2,52.0,2023-09-14,260.0
743,2,5,1,15.0,2023-09-14,75.0
744,2,3,1,31.0,2023-09-14,155.0
745,2,2,1,60.0,2023-09-14,300.0
746,1,4,1,36.0,2023-09-14,180.0
747,1,3,2,59.0,2023-09-14,295.0
748,1,2,1,24.0,2023-09-14,120.0
749,2,3,2,13.0,2023-09-14,65.0
750,2,1,1,47.0,2023-09-14,235.0
751,1,3,2,60.0,2023-09-14,300.0
752,1,1,2,45.0,2023-09-14,225.0
753,1,5,2,39.0,2023-09-14,195.0
754,2,3,2,51.0,2023-09-14,255.0
755,2,4,1,37.0,2023-09-14,185.0
756,1,1,1,59.0,2023-09-14,295.0
757,2,4,2,14.0,2023-09-14,70.0
758,1,4,1,49.0,2023-09-14,245.0
759,2,2,1,48.0,2023-09-14,240.0
760,1,3,2,18.0,2023-09-14,90.0
761,2,5,2,34.0,2023-09-17,170.0
762,1,4,2,59.0,2023-09-17,295.0
763,1,3,2,28.0,2023-09-17,140.0
764,2,3,1,14.0,2023-09-17,70.0
765,1,1,1,37.0,2023-09-17,185.0
766,2,5,1,29.0,2023-09-17,145.0
767,1,1,1,35.0,2023-09-17,175.0
768,2,4,1,29.0,2023-09-17,145.0
769,1,5,2,16.0,2023-09-17,80.0
770,1,1,2,45.0,2023-09-17,225.0
771,2,4,2,23.0,2023-09-17,115.0
772,2,2,2,53.0,2023-09-17,265.0
773,2,5,1,25.0,2023-09-17,125.0
774,2,3,2,13.0,2023-09-17,65.0
775,1,5,1,37.0,2023-09-17,185.0
776,2,1,1,51.0,2023-09-17,255.0
777,1,1,2,26.0,2023-09-17,130.0
778,2,2,2,58.0,2023-09-17,290.0
779,1,4,1,52.0,2023-09-17,260.0
780,2,5,1,51.0,2023-09-17,255.0
781,2,3,1,59.0,2023-09-17,295.0
782,1,5,1,52.0,2023-09-17,260.0
783,1,5,1,44.0,2023-09-17,220.0
784,1,3,1,51.0,2023-09-17,255.0
785,1,1,2,59.0,2023-09-17,295.0
786,2,5,1,27.0,2023-09-17,135.0
787,2,1,2,24.0,2023-09-17,120.0
788,2,3,2,34.0,2023-09-17,170.0
789,2,3,2,41.0,2023-09-17,205.0
790,2,3,1,19.0,2023-09-17,95.0
791,2,5,2,36.0,2023-09-17,180.0
792,1,1,1,40.0,2023-09-17,200.0
793,2,5,1,35.0,2023-09-17,175.0
794,1,1,2,11.0,2023-09-17,55.0
795,1,3,1,14.0,2023-09-17,70.0
796,2,2,1,52.0,2023-09-17,260.0
797,2,1,1,16.0,2023-09-17,80.0
798,2,2,1,30.0,2023-09-17,150.0
799,2,2,2,14.0,2023-09-17,70.0
800,2,1,1,58.0,2023-09-17,290.0
801,2,1,2,48.0,2023-09-20,240.0
802,1,1,2,33.0,2023-09-20,165.0
803,1,4,1,13.0,2023-09-20,65.0
804,1,5,2,45.0,2023-09-20,225.0
805,1,3,1,29.0,2023-09-20,145.0
806,1,2,1,51.0,2023-09-20,255.0
807,2,3,1,12.0,2023-09-20,60.0
808,1,1,2,48.0,2023-09-20,240.0
809,1,3,1,24.0,2023-09-20,120.0
810,2,4,1,32.0,2023-09-20,160.0
811,2,2,1,55.0,2023-09-20,275.0
812,1,3,2,49.0,2023-09-20,245.0
813,1,1,2,46.0,2023-09-20,230.0
814,2,2,1,47.0,2023-09-20,235.0
815,1,2,1,24.0,2023-09-20,120.0
816,2,2,1,55.0,2023-09-20,275.0
817,1,1,2,51.0,2023-09-20,255.0
818,1,5,2,38.0,2023-09-20,190.0
819,1,4,2,11.0,2023-09-20,55.0
820,2,5,1,21.0,2023-09-20,105.0
821,2,1,2,17.0,2023-09-20,85.0
822,1,1,1,53.0,2023-09-20,265.0
823,1,3,2,36.0,2023-09-20,180.0
824,2,4,2,54.0,2023-09-20,270.0
825,1,1,2,15.0,2023-09-20,75.0
826,1,3,1,50.0,2023-09-20,250.0
827,2,1,2,40.0,2023-09-20,200.0
828,1,4,1,25.0,2023-09-20,125.0
829,1,3,2,47.0,2023-09-20,235.0
830,1,1,1,17.0,2023-09-20,85.0
831,1,1,1,34.0,2023-09-20,170.0
832,1,2,2,25.0,2023-09-20,125.0
833,1,1,2,29.0,2023-09-20,145.0
834,2,5,2,58.0,2023-09-20,290.0
835,1,4,2,18.0,2023-09-20,90.0
836,1,4,2,37.0,2023-09-20,185.0
837,2,2,2,21.0,2023-09-20,105.0
838,2,4,2,19.0,2023-09-20,95.0
839,2,5,1,35.0,2023-09-20,175.0
840,1,2,2,20.0,2023-09-20,100.0
841,1,2,2,24.0,2023-09-26,120.0
842,1,2,1,39.0,2023-09-26,195.0
843,1,5,2,41.0,2023-09-26,205.0
844,1,3,2,13.0,2023-09-26,65.0
845,1,1,1,53.0,2023-09-26,265.0
846,1,1,1,58.0,2023-09-26,290.0
847,2,4,2,23.0,2023-09-26,115.0
848,2,4,2,31.0,2023-09-26,155.0
849,1,1,1,38.0,2023-09-26,190.0
850,2,2,1,26.0,2023-09-26,130.0
851,1,1,1,54.0,2023-09-26,270.0
852,2,3,1,16.0,2023-09-26,80.0
853,1,5,2,28.0,2023-09-26,140.0
854,1,2,2,12.0,2023-09-26,60.0
855,2,3,1,47.0,2023-09-26,235.0
856,2,5,1,48.0,2023-09-26,240.0
857,1,5,1,23.0,2023-09-26,115.0
858,2,4,2,26.0,2023-09-26,130.0
859,2,5,2,48.0,2023-09-26,240.0
860,2,1,1,49.0,2023-09-26,245.0
861,2,2,1,43.0,2023-09-26,215.0
862,2,4,2,34.0,2023-09-26,170.0
863,2,3,2,37.0,2023-09-26,185.0
864,1,3,2,32.0,2023-09-26,160.0
865,2,3,1,26.0,2023-09-26,130.0
866,2,1,2,23.0,2023-09-26,115.0
867,1,2,2,27.0,2023-09-26,135.0
868,2,2,1,17.0,2023-09-26,85.0
869,2,5,2,54.0,2023-09-26,270.0
870,1,5,1,48.0,2023-09-26,240.0
871,1,5,1,54.0,2023-09-26,270.0
872,2,5,2,60.0,2023-09-26,300.0
873,1,2,2,10.0,2023-09-26,50.0
874,1,2,1,37.0,2023-09-26,185.0
875,2,5,1,43.0,2023-09-26,215.0
876,2,5,2,44.0,2023-09-26,220.0
877,1,5,1,34.0,2023-09-26,170.0
878,1,4,1,50.0,2023-09-26,250.0
879,1,5,2,22.0,2023-09-26,110.0
880,2,3,1,19.0,2023-09-26,95.0
881,1,5,1,49.0,2023-09-30,245.0
882,2,4,1,51.0,2023-09-30,255.0
883,1,4,2,42.0,2023-09-30,210.0
884,1,3,1,28.0,2023-09-30,140.0
885,1,1,1,30.0,2023-09-30,150.0
886,2,4,2,20.0,2023-09-30,100.0
887,1,1,2,12.0,2023-09-30,60.0
888,2,5,2,16.0,2023-09-30,80.0
889,2,3,2,19.0,2023-09-30,95.0
890,2,2,2,35.0,2023-09-30,175.0
891,1,2,1,13.0,2023-09-30,65.0
892,1,2,2,10.0,2023-09-30,50.0
893,2,5,2,20.0,2023-09-30,100.0
894,2,1,2,24.0,2023-09-30,120.0
895,2,4,1,31.0,2023-09-30,155.0
896,2,5,2,39.0,2023-09-30,195.0
897,2,2,1,13.0,2023-09-30,65.0
898,2,1,2,57.0,2023-09-30,285.0
899,1,4,2,53.0,2023-09-30,265.0
900,2,2,1,54.0,2023-09-30,270.0
901,1,4,1,15.0,2023-09-30,75.0
902,2,2,1,51.0,2023-09-30,255.0
903,1,3,1,11.0,2023-09-30,55.0
904,1,4,2,23.0,2023-09-30,115.0
905,1,4,2,33.0,2023-09-30,165.0
906,1,4,2,28.0,2023-09-30,140.0
907,2,3,2,13.0,2023-09-30,65.0
908,2,2,1,30.0,2023-09-30,150.0
909,2,4,2,44.0,2023-09-30,220.0
910,1,5,1,37.0,2023-09-30,185.0
911,2,4,2,36.0,2023-09-30,180.0
912,2,4,1,14.0,2023-09-30,70.0
913,1,4,2,34.0,2023-09-30,170.0
914,1,3,2,39.0,2023-09-30,195.0
915,1,4,2,31.0,2023-09-30,155.0
916,2,1,1,36.0,2023-09-30,180.0
917,2,4,2,38.0,2023-09-30,190.0
918,2,3,2,42.0,2023-09-30,210.0
919,2,5,2,14.0,2023-09-30,70.0
920,2,1,1,12.0,2023-09-30,60.0
921,2,4,2,32.0,2023-10-03,160.0
922,2,5,1,55.0,2023-10-03,275.0
923,2,4,2,11.0,2023-10-03,55.0
924,1,1,1,14.0,2023-10-03,70.0
925,2,3,2,45.0,2023-10-03,225.0
926,2,2,2,41.0,2023-10-03,205.0
927,2,5,2,20.0,2023-10-03,100.0
928,1,1,2,52.0,2023-10-03,260.0
929,2,1,2,29.0,2023-10-03,145.0
930,2,2,2,20.0,2023-10-03,100.0
931,2,4,1,31.0,2023-10-03,155.0
932,2,2,1,19.0,2023-10-03,95.0
933,2,2,1,30.0,2023-10-03,150.0
934,1,4,1,31.0,2023-10-03,155.0
935,2,1,2,59.0,2023-10-03,295.0
936,2,3,2,40.0,2023-10-03,200.0
937,2,2,2,32.0,2023-10-03,160.0
938,1,4,2,23.0,2023-10-03,115.0
939,2,3,2,24.0,2023-10-03,120.0
940,2,1,2,43.0,2023-10-03,215.0
941,1,4,1,41.0,2023-10-03,205.0
942,2,5,2,44.0,2023-10-03,220.0
943,1,5,1,32.0,2023-10-03,160.0
944,2,2,2,16.0,2023-10-03,80.0
945,1,3,2,55.0,2023-10-03,275.0
946,2,2,2,11.0,2023-10-03,55.0
947,2,3,1,58.0,2023-10-03,290.0
948,1,3,1,46.0,2023-10-03,230.0
949,2,2,1,57.0,2023-10-03,285.0
950,2,5,1,42.0,2023-10-03,210.0
951,1,5,1,46.0,2023-10-03,230.0
952,2,3,2,45.0,2023-10-03,225.0
953,1,4,2,29.0,2023-10-03,145.0
954,1,1,2,44.0,2023-10-03,220.0
955,2,1,2,33.0,2023-10-03,165.0
956,1,2,2,34.0,2023-10-03,170.0
957,2,4,1,26.0,2023-10-03,130.0
958,1,1,2,16.0,2023-10-03,80.0
959,1,5,2,18.0,2023-10-03,90.0
960,1,4,1,23.0,2023-10-03,115.0
961,2,3,2,46.0,2023-10-10,230.0
962,2,3,2,26.0,2023-10-10,130.0
963,2,4,1,26.0,2023-10-10,130.0
964,1,2,1,49.0,2023-10-10,245.0
965,2,1,1,28.0,2023-10-10,140.0
966,1,1,1,12.0,2023-10-10,60.0
967,2,3,2,24.0,2023-10-10,120.0
968,1,2,1,17.0,2023-10-10,85.0
969,1,1,2,42.0,2023-10-10,210.0
970,2,1,1,11.0,2023-10-10,55.0
971,2,5,2,20.0,2023-10-10,100.0
972,2,2,1,29.0,2023-10-10,145.0
973,1,2,1,21.0,2023-10-10,105.0
974,2,1,1,24.0,2023-10-10,120.0
975,1,1,1,51.0,2023-10-10,255.0
976,1,2,1,40.0,2023-10-10,200.0
977,1,5,1,21.0,2023-10-10,105.0
978,1,5,1,54.0,2023-10-10,270.0
979,1,5,1,48.0,2023-10-10,240.0
980,1,3,1,58.0,2023-10-10,290.0
981,1,1,1,41.0,2023-10-10,205.0
982,1,5,1,16.0,2023-10-10,80.0
983,2,3,2,43.0,2023-10-10,215.0
984,1,5,2,15.0,2023-10-10,75.0
985,2,4,2,50.0,2023-10-10,250.0
986,2,3,1,51.0,2023-10-10,255.0
987,1,1,1,43.0,2023-10-10,215.0
988,2,5,2,46.0,2023-10-10,230.0
989,2,2,1,54.0,2023-10-10,270.0
990,2,2,2,23.0,2023-10-10,115.0
991,2,2,1,32.0,2023-10-10,160.0
992,1,1,1,54.0,2023-10-10,270.0
993,1,4,2,17.0,2023-10-10,85.0
994,2,2,1,30.0,2023-10-10,150.0
995,1,2,1,22.0,2023-10-10,110.0
996,2,4,1,46.0,2023-10-10,230.0
997,1,5,2,31.0,2023-10-10,155.0
998,1,1,1,53.0,2023-10-10,265.0
999,2,3,2,35.0,2023-10-10,175.0
1000,1,4,1,49.0,2023-10-10,245.0
1001,2,3,2,41.0,2023-10-14,205.0
1002,1,3,2,24.0,2023-10-14,120.0
1003,2,5,1,31.0,2023-10-14,155.0
1004,2,1,1,60.0,2023-10-14,300.0
1005,1,5,1,53.0,2023-10-14,265.0
1006,1,2,1,41.0,2023-10-14,205.0
1007,1,2,2,20.0,2023-10-14,100.0
1008,2,5,2,13.0,2023-10-14,65.0
1009,2,3,2,56.0,2023-10-14,280.0
1010,2,4,2,49.0,2023-10-14,245.0
1011,1,1,1,44.0,2023-10-14,220.0
1012,2,1,2,57.0,2023-10-14,285.0
1013,1,4,1,23.0,2023-10-14,115.0
1014,1,4,2,12.0,2023-10-14,60.0
1015,1,4,1,11.0,2023-10-14,55.0
1016,1,4,2,27.0,2023-10-14,135.0
1017,2,4,1,23.0,2023-10-14,115.0
1018,1,5,1,41.0,2023-10-14,205.0
1019,2,3,2,13.0,2023-10-14,65.0
1020,1,3,1,35.0,2023-10-14,175.0
1021,2,3,2,35.0,2023-10-14,175.0
1022,2,2,2,14.0,2023-10-14,70.0
1023,1,5,1,28.0,2023-10-14,140.0
1024,1,4,2,41.0,2023-10-14,205.0
1025,1,3,2,56.0,2023-10-14,280.0
1026,1,1,1,22.0,2023-10-14,110.0
1027,2,3,2,18.0,2023-10-14,90.0
1028,1,1,2,32.0,2023-10-14,160.0
1029,1,5,1,23.0,2023-10-14,115.0
1030,1,3,2,13.0,2023-10-14,65.0
1031,1,2,2,28.0,2023-10-14,140.0
1032,1,3,2,59.0,2023-10-14,295.0
1033,1,2,1,31.0,2023-10-14,155.0
1034,2,5,1,54.0,2023-10-14,270.0
1035,2,3,2,29.0,2023-10-14,145.0
1036,1,3,1,28.0,2023-10-14,140.0
1037,2,5,1,17.0,2023-10-14,85.0
1038,2,3,1,47.0,2023-10-14,235.0
1039,2,2,2,29.0,2023-10-14,145.0
1040,1,1,1,43.0,2023-10-14,215.0
1041,1,4,1,44.0,2023-10-17,220.0
1042,2,3,1,54.0,2023-10-17,270.0
1043,1,1,1,29.0,2023-10-17,145.0
1044,2,4,2,12.0,2023-10-17,60.0
1045,2,4,1,22.0,2023-10-17,110.0
1046,1,5,1,32.0,2023-10-17,160.0
1047,1,1,1,43.0,2023-10-17,215.0
1048,1,1,1,28.0,2023-10-17,140.0
1049,1,4,2,41.0,2023-10-17,205.0
1050,1,5,1,29.0,2023-10-17,145.0
1051,2,1,1,28.0,2023-10-17,140.0
1052,2,4,2,40.0,2023-10-17,200.0
1053,1,3,1,17.0,2023-10-17,85.0
1054,2,4,1,60.0,2023-10-17,300.0
1055,1,1,2,56.0,2023-10-17,280.0
1056,2,2,2,23.0,2023-10-17,115.0
1057,2,5,1,44.0,2023-10-17,220.0
1058,2,3,2,10.0,2023-10-17,50.0
1059,1,2,1,55.0,2023-10-17,275.0
1060,1,4,2,57.0,2023-10-17,285.0
1061,1,3,2,51.0,2023-10-17,255.0
1062,2,1,2,41.0,2023-10-17,205.0
1063,2,3,1,50.0,2023-10-17,250.0
1064,2,3,2,58.0,2023-10-17,290.0
1065,1,5,1,51.0,2023-10-17,255.0
1066,2,3,2,20.0,2023-10-17,100.0
1067,1,1,1,15.0,2023-10-17,75.0
1068,2,3,2,43.0,2023-10-17,215.0
1069,1,3,2,31.0,2023-10-17,155.0
1070,1,5,1,21.0,2023-10-17,105.0
1071,2,4,2,17.0,2023-10-17,85.0
1072,2,1,1,16.0,2023-10-17,80.0
1073,1,4,2,35.0,2023-10-17,175.0
1074,2,3,1,25.0,2023-10-17,125.0
1075,2,5,1,13.0,2023-10-17,65.0
1076,2,1,2,27.0,2023-10-17,135.0
1077,2,1,2,11.0,2023-10-17,55.0
1078,2,2,2,51.0,2023-10-17,255.0
1079,1,5,1,47.0,2023-10-17,235.0
1080,2,5,2,57.0,2023-10-17,285.0
1081,2,3,1,59.0,2023-10-20,295.0
1082,1,2,2,33.0,2023-10-20,165.0
1083,1,1,1,27.0,2023-10-20,135.0
1084,1,1,2,48.0,2023-10-20,240.0
1085,2,4,2,21.0,2023-10-20,105.0
1086,2,5,2,39.0,2023-10-20,195.0
1087,2,1,1,39.0,2023-10-20,195.0
1088,2,5,2,53.0,2023-10-20,265.0
1089,1,5,1,19.0,2023-10-20,95.0
1090,2,3,2,37.0,2023-10-20,185.0
1091,1,2,1,27.0,2023-10-20,135.0
1092,1,3,1,39.0,2023-10-20,195.0
1093,2,2,2,33.0,2023-10-20,165.0
1094,1,5,2,14.0,2023-10-20,70.0
1095,1,2,2,35.0,2023-10-20,175.0
1096,2,2,1,29.0,2023-10-20,145.0
1097,1,4,2,28.0,2023-10-20,140.0
1098,2,1,2,17.0,2023-10-20,85.0
1099,2,4,2,45.0,2023-10-20,225.0
1100,1,1,1,47.0,2023-10-20,235.0
1101,2,1,2,25.0,2023-10-20,125.0
1102,2,3,2,59.0,2023-10-20,295.0
1103,1,5,1,16.0,2023-10-20,80.0
1104,1,5,2,38.0,2023-10-20,190.0
1105,2,3,2,24.0,2023-10-20,120.0
1106,2,4,1,30.0,2023-10-20,150.0
1107,2,5,1,54.0,2023-10-20,270.0
1108,1,5,2,53.0,2023-10-20,265.0
1109,2,2,1,16.0,2023-10-20,80.0
1110,2,4,1,59.0,2023-10-20,295.0
1111,2,5,2,18.0,2023-10-20,90.0
1112,2,5,2,19.0,2023-10-20,95.0
1113,1,2,2,18.0,2023-10-20,90.0
1114,2,5,1,40.0,2023-10-20,200.0
1115,2,1,1,24.0,2023-10-20,120.0
1116,2,4,1,52.0,2023-10-20,260.0
1117,1,5,2,24.0,2023-10-20,120.0
1118,1,1,1,53.0,2023-10-20,265.0
1119,2,3,2,29.0,2023-10-20,145.0
1120,1,2,2,56.0,2023-10-20,280.0
1121,1,3,2,26.0,2023-10-26,130.0
1122,1,2,1,21.0,2023-10-26,105.0
1123,2,1,1,24.0,2023-10-26,120.0
1124,1,5,2,54.0,2023-10-26,270.0
1125,1,2,1,40.0,2023-10-26,200.0
1126,2,4,1,16.0,2023-10-26,80.0
1127,2,5,2,48.0,2023-10-26,240.0
1128,1,2,1,21.0,2023-10-26,105.0
1129,2,1,2,10.0,2023-10-26,50.0
1130,1,4,2,46.0,2023-10-26,230.0
1131,2,1,2,34.0,2023-10-26,170.0
1132,1,5,2,14.0,2023-10-26,70.0
1133,2,4,2,35.0,2023-10-26,175.0
1134,2,3,1,15.0,2023-10-26,75.0
1135,2,2,2,32.0,2023-10-26,160.0
1136,2,3,1,38.0,2023-10-26,190.0
1137,1,5,2,27.0,2023-10-26,135.0
1138,1,5,1,34.0,2023-10-26,170.0
1139,1,5,2,23.0,2023-10-26,115.0
1140,2,4,1,46.0,2023-10-26,230.0
1141,1,4,1,32.0,2023-10-26,160.0
1142,1,3,1,53.0,2023-10-26,265.0
1143,1,1,1,44.0,2023-10-26,220.0
1144,2,1,1,21.0,2023-10-26,105.0
1145,1,4,1,25.0,2023-10-26,125.0
1146,2,4,2,27.0,2023-10-26,135.0
1147,1,5,1,40.0,2023-10-26,200.0
1148,1,2,2,39.0,2023-10-26,195.0
1149,2,5,2,42.0,2023-10-26,210.0
1150,1,5,2,54.0,2023-10-26,270.0
1151,2,3,2,52.0,2023-10-26,260.0
1152,2,3,1,40.0,2023-10-26,200.0
1153,2,1,2,48.0,2023-10-26,240.0
1154,2,4,2,15.0,2023-10-26,75.0
1155,2,1,1,56.0,2023-10-26,280.0
1156,2,2,2,33.0,2023-10-26,165.0
1157,1,5,1,14.0,2023-10-26,70.0
1158,1,3,1,55.0,2023-10-26,275.0
1159,1,3,1,29.0,2023-10-26,145.0
1160,1,2,2,18.0,2023-10-26,90.0
1161,1,5,1,52.0,2023-10-30,260.0
1162,1,2,2,21.0,2023-10-30,105.0
1163,1,5,2,31.0,2023-10-30,155.0
1164,2,1,2,23.0,2023-10-30,115.0
1165,2,2,1,56.0,2023-10-30,280.0
1166,2,5,1,49.0,2023-10-30,245.0
1167,2,1,2,32.0,2023-10-30,160.0
1168,1,5,1,56.0,2023-10-30,280.0
1169,2,1,2,13.0,2023-10-30,65.0
1170,1,5,2,59.0,2023-10-30,295.0
1171,1,1,1,15.0,2023-10-30,75.0
1172,2,4,1,59.0,2023-10-30,295.0
1173,1,2,1,38.0,2023-10-30,190.0
1174,1,3,1,25.0,2023-10-30,125.0
1175,2,5,1,41.0,2023-10-30,205.0
1176,1,3,2,14.0,2023-10-30,70.0
1177,2,5,1,22.0,2023-10-30,110.0
1178,2,1,1,10.0,2023-10-30,50.0
1179,1,5,2,42.0,2023-10-30,210.0
1180,1,1,1,29.0,2023-10-30,145.0
1181,2,4,1,59.0,2023-10-30,295.0
1182,1,1,2,32.0,2023-10-30,160.0
1183,2,4,1,23.0,2023-10-30,115.0
1184,1,3,1,34.0,2023-10-30,170.0
1185,2,1,1,41.0,2023-10-30,205.0
1186,1,2,2,49.0,2023-10-30,245.0
1187,2,5,2,50.0,2023-10-30,250.0
1188,2,1,2,20.0,2023-10-30,100.0
1189,2,3,2,13.0,2023-10-30,65.0
1190,2,1,1,29.0,2023-10-30,145.0
1191,1,5,2,18.0,2023-10-30,90.0
1192,2,2,2,42.0,2023-10-30,210.0
1193,1,3,1,59.0,2023-10-30,295.0
1194,2,2,2,58.0,2023-10-30,290.0
1195,1,5,1,30.0,2023-10-30,150.0
1196,1,3,1,28.0,2023-10-30,140.0
1197,2,5,2,39.0,2023-10-30,195.0
1198,2,2,2,52.0,2023-10-30,260.0
1199,2,3,2,11.0,2023-10-30,55.0
1200,1,2,2,42.0,2023-10-30,210.0
